id;message_key;translated_text;language_id;created_at;updated_at
1;pnp_1;DNPZ: Douleurs neuropathiques post-zostériennes;2;;
2;pnp_2;DNOD : Douleurs neuropathiques d’origine diabétique;2;;
3;pnp_3;DN-VIH: Douleurs neuropathiques liées au VIH;2;;
4;pnp_4;DNPO: Douleurs neuropathiques post-opératoires;2;;
5;pnp_5;DNPT: Douleurs neuropathiques post-traumatiques;2;;
6;pnp_6;DNCI: Douleurs neuropathiques chimio-induites;2;;
7;other;Autre;2;;
8;pain_area_left_anterior_neck;zone antérieure gauche de la nuque;2;;
9;pain_area_central_anterior_neck;zone antérieure centrale de la nuque;2;;
10;pain_area_right_anterior_neck;zone antérieure droite de la nuque;2;;
11;pain_area_central_posterior_neck;zone postérieure centrale de la nuque;2;;
12;pain_area_left_upper_chest;zone supérieure gauche du thorax;2;;
13;pain_area_right_upper_chest;zone supérieure droite du thorax;2;;
14;pain_area_left_trapezius;trapèze gauche;2;;
15;pain_area_right_trapezius;trapèze droit;2;;
16;pain_area_left_scapula;omoplate gauche;2;;
17;pain_area_right_scapula;omoplate droite;2;;
18;pain_area_right_lower_chest;zone inférieure droite du thorax;2;;
19;pain_area_left_lower_chest;zone inférieure gauche du thorax;2;;
20;pain_area_left_flank;flanc gauche;2;;
21;pain_area_right_flank;flanc droit;2;;
22;pain_area_right_lower_quadrant;quadrant inférieur droit;2;;
23;pain_area_left_lower_quadrant;quadrant inférieur gauche;2;;
24;pain_area_left_lower_lumbar;lombaire inférieure gauche;2;;
25;pain_area_right_lower_lumbar;lombaire inférieure droite;2;;
26;pain_area_left_posterior;postérieur gauche;2;;
27;pain_area_right_posterior;postérieur droit;2;;
28;pain_area_left_anterior_shoulder;zone antérieure de l'épaule gauche;2;;
29;pain_area_left_upper_arm;haut du bras gauche;2;;
30;pain_area_left_forearm;avant-bras gauche;2;;
31;pain_area_right_anterior_shoulder;zone antérieure de l'épaule droite;2;;
32;pain_area_right_upper_arm;haut du bras droit;2;;
33;pain_area_right_forearm;avant-bras droit;2;;
34;pain_area_left_posterior_shoulder;zone postérieure de l'épaule gauche;2;;
35;pain_area_left_posterior_upper_arm;zone postérieure du haut du bras gauche;2;;
36;pain_area_left_posterior_elbow;zone postérieure du coude gauche;2;;
37;pain_area_left_posterior_forearm;zone postérieure de l'avant-bras gauche;2;;
38;pain_area_right_posterior_shoulder;zone postérieure de l'épaule droite;2;;
39;pain_area_right_posterior_upper_arm;zone postérieure du haut du bras droite;2;;
40;pain_area_right_posterior_elbow;zone postérieure du coude droit;2;;
41;pain_area_right_posterior_forearm;zone postérieure de l'avant-bras droit;2;;
42;pain_area_left_superior_wrist;zone supérieure du poignet gauche;2;;
43;pain_area_left_dorsal_mid_hand;dos de la main gauche;2;;
44;pain_area_left_dorsal_fingers;dos des doigts gauches;2;;
45;pain_area_right_superior_wrist;zone supérieure du poignet droit;2;;
46;pain_area_right_dorsal_mid-hand;dos de la main droite;2;;
47;pain_area_right_dorsal_fingers;dos des doigts droits;2;;
48;pain_area_left_inferior_wrist;zone inférieure du poignet gauche;2;;
49;pain_area_left_palmar_mid-hand;paume gauche;2;;
50;pain_area_left_palmar_fingers;face des doigts gauches;2;;
51;pain_area_right_inferior_wrist;zone inférieure du poignet droit;2;;
52;pain_area_right_palmar_mid-hand;paume droite;2;;
53;pain_area_right_palmar_fingers;face des doigts droits;2;;
54;pain_area_left_anterior_lateral_upper_leg;zone antérieure latérale de la cuisse gauche;2;;
55;pain_area_left_anterior_medial_upper_leg;zone antérieure médiale de la cuisse gauche;2;;
56;pain_area_left_anterior_knee;zone antérieure du genou gauche;2;;
57;pain_area_left_anterior_lower_leg;zone antérieure du mollet gauche;2;;
58;pain_area_right_anterior_lateral_upper_leg;zone antérieure latérale de la cuisse droite;2;;
59;pain_area_right_anterior_medial_upper_leg;zone antérieure médiale de la cuisse droite;2;;
60;pain_area_right_anterior_knee;zone antérieure droite du cou;2;;
61;pain_area_right_anterior_lower_leg;zone antérieure du mollet droit;2;;
62;pain_area_left_posterior_lateral_upper_leg;zone postérieure latérale de la cuisse gauche;2;;
63;pain_area_left_posterior_medial_upper_leg;zone postérieure médiale de la cuisse gauche;2;;
64;pain_area_left_posterior_lower_leg;zone postérieure du mollet gauche;2;;
65;pain_area_right_posterior_lateral_upper_leg;zone postérieure latérale de la cuisse droite;2;;
66;pain_area_right_posterior_medial_upper_leg;zone postérieure médiale de la cuisse droite;2;;
67;pain_area_right_posterior_lower_leg;zone postérieure du mollet droit;2;;
68;pain_area_left_anterior_ankle;zone antérieure de la cheville gauche;2;;
69;pain_area_left_anterior_mid-foot;zone antérieure du dos du pied gauche;2;;
70;pain_area_left_superior_toes;zone supérieure des orteils gauches;2;;
71;pain_area_right_anterior_ankle;zone antérieure de la cheville droite;2;;
72;pain_area_right_anterior_mid-foot;zone antérieure du dos du pied droit;2;;
73;pain_area_right_superior_toes;zone supérieure des orteils droits;2;;
74;pain_area_left_posterior_ankle;zone postérieure de la cheville gauche;2;;
75;pain_area_left_plantar_heel_;plante du talon gauche ;2;;
76;pain_area_left_plantar_mid-foot;plante du pied gauche;2;;
77;pain_area_right_posterior_ankle;zone postérieure de la cheville droite;2;;
78;pain_area_right_plantar_heel_;plante du talon droit ;2;;
79;pain_area_right_plantar_mid-foot;plante du pied droit;2;;
80;pain_area_upper_thoracic;zone supérieure du thorax;2;;
81;pain_area_mid_thoracic;zone centrale du thorax;2;;
82;pain_area_lower_thoracic;zone inférieure du thorax;2;;
83;pain_area_lumbar;lombaire;2;;
84;medication_1;Antiépileptiques;2;;
85;medication_2;Antidépresseurs;2;;
86;medication_3;Traitement topique;2;;
87;medication_4;Opioïdes;2;;
88;medication_no_treatment;Pas de traitement;2;;
89;neck;Cou;2;;
90;chest_left;Poitrine gauche;2;;
91;chest_right;Poitrine droite ;2;;
92;back_and_flank_left;Dos et flanc gauche ;2;;
93;back_and_flank_right;Dos et flanc droit;2;;
94;hand_and_forearm_right;Main et avant-bras droit ;2;;
95;arm_left;Bras gauche;2;;
96;arm_right;Bras droit;2;;
97;hand_and_Forearm_left;Main et avant-bras gauche ;2;;
98;leg_left;Jambe gauche;2;;
99;leg_right;Jambe droite ;2;;
100;foot_left;Pied gauche;2;;
101;foot_right;Pied droit;2;;
102;spine;Colonne vertébrale ;2;;
103;neck_type;COU;2;;
104;chest_type;POITRINE;2;;
105;back_and_flank_type;DOS ET FLANC;2;;
106;arm_and_hand_type;BRAS ET MAIN;2;;
107;leg_and_foot_type;JAMBES ET PIEDS;2;;
108;spine_type;COLONNE VERTEBRALE;2;;
109;survey_dn4;Questionnaire DN4;2;;
110;survey_nrs;Questionnaire NRS (échelle d’évaluation numérique);2;;
111;survey_npsi;NPSI;2;;
112;survey_pgic;PGIC;2;;
113;survey_eq5d;EQ-5D-5L;2;;
114;survey_mos;MOS;2;;
115;survey_npsi_cat_1_desc;Nous voudrions savoir si vous avez des douleurs spontanées, c’est-à-dire des douleurs en l’absence de toute stimulation. Pour chacune des questions suivantes, entourez le chiffre qui correspond le mieux à l'intensité de vos douleurs spontanées en moyenne au cours des 24 dernières heures.Entourez le chiffre 0 si vous n'avez pas ressenti ce type de douleur. (Veuillez n'entourer qu'un seul chiffre);2;;
116;survey_npsi_cat_2_desc;"Nous souhaiterions savoir si vous avez eu des douleurs fulgurantes brèves. Pour chacune des questions suivantes, veuillez sélectionner le chiffre qui correspond le mieux à l'intensité moyenne de vos douleurs fulgurantes au cours de ces dernières 24 h.

Sélectionnez le chiffre 0 si vous n'avez pas ressenti ce type de douleur (entourez un seul chiffre).";2;;
117;survey_npsi_cat_3_desc;Nous voudrions savoir si vous avez des crises douloureuses brèves. Pour chacune des questions suivantes, entourez le chiffre qui correspond le mieux à l'intensité de vos crises douloureuses en moyenne au cours des 24 dernières heures. Entourez le chiffre 0 si vous n'avez pas ressenti ce type de douleur. (Veuillez n'entourer qu'un seul chiffre);2;;
118;survey_npsi_cat_4_desc;Nous voudrions savoir si vous avez des sensations anormales dans la zone doulourouse. Pour chacune des questions suivantes, entourez le chiffre qui correspond le mieux à l'intensité de vos sensations anormales en moyenne au cours des 24 dernières heures. Entourez le chiffre 0 si vous n'avez pas ressenti ce type de sensation.(Veuillez n'entourer qu'un seul chiffre);2;;
119;survey_eq5d_cat_1_desc;"Pour chaque rubrique, veuillez cocher UNE case, celle qui décrit le mieux votre santé
AUJOURD’HUI.";2;;
120;survey_eq5d_cat_2_desc;"A l’aide du button ci-dessous, veuillez cocher UNE case, celle qui décrit le mieux votre santé
AUJOURD’HUI.";2;;
121;survey_mos_cat_1_desc;Pour chacune des questions suivantes, sélectionnez l’option qui correspond le mieux à votre réponse. ;2;;
122;survey_mos_cat_2_desc;Pour chacune des questions suivantes, sélectionnez l’option qui correspond le mieux à votre réponse. ;2;;
123;survey_dn4_cat_1_q_1;La douleur présente-t-elle une ou plusieurs des caractéristiques suivantes ?;2;;
124;survey_dn4_cat_1_q_2;La douleur est-elle associée dans la même région à un ou plusieurs des syptômes suivants :;2;;
125;survey_dn4_cat_2_q_1;La douleur est-elle localisée dans un territoire ou l’examen met en évidence :;2;;
126;survey_dn4_cat_2_q_2;La douleur est-elle provoquée ou augmentée par :;2;;
127;survey_nrs_cat_1_q_1;Veuillez sélectionner le chiffre qui représente le mieux l'<b>intensité actuelle de votre douleur</b> sur une échelle de 0 à 10 où 0 = aucune douleur et 10 = la douleur la plus intense imaginable.;2;;
128;survey_npsi_cat_1_q_1;Q1 - Votre douleur est-elle comme une brulûre ?;2;;
129;survey_npsi_cat_1_q_2;Q2 - Votre douleur est-elle comme un étau ?;2;;
130;survey_npsi_cat_1_q_3;Q3 - Votre douleur est-elle comme une compression ?;2;;
131;survey_npsi_cat_1_q_4;Q4 - Au cours des dernières 24 heures, vos douleurs spontanées ont été présentes: Veuillez cocher la réponse qui correspond le mieux à votre état;2;;
132;survey_npsi_cat_2_q_1;Q5 - Avez-vous des crises douloureuses comme des décharges électriques ?;2;;
133;survey_npsi_cat_2_q_2;Q6 - Avez-vous des crises douloureuses comme des coups de couteau ?;2;;
134;survey_npsi_cat_2_q_3;Q7 - Au cours des dernières 24 heures, combien de ces crises douloureuses avez-vous présenté ? Veuillez cocher la réponse qui correspond le mieux à votre état;2;;
135;survey_npsi_cat_3_q_1;Q8 - Avez-vous des douleurs provoquées ou augmentées par le frottement sur la zone douloureuse ?;2;;
136;survey_npsi_cat_3_q_2;Q9 - Avez-vous des douleurs provoquées ou augmentées par la pression sur la zone douloureuse ?;2;;
137;survey_npsi_cat_4_q_1;Q10 - Avez-vous des douleurs provoquées ou augmentées par le contact avec un objet froid sur la zone douloureuse ?;2;;
138;survey_npsi_cat_4_q_2;Q11 - Avez-vous des picotements ?;2;;
139;survey_npsi_cat_4_q_3;Q12 - Avez-vous des fourmillements ?;2;;
140;survey_pgic_cat_1_q_1;Impression globale du changement chez le patient;2;;
141;survey_eq5d_cat_1_q_1;MOBILITÉ;2;;
142;survey_eq5d_cat_1_q_2;AUTONOMIE DE LA PERSONNE;2;;
143;survey_eq5d_cat_1_q_3;ACTIVITÉS COURANTES (p. ex., travail, études, travaux domestiques, activités familiales ou loisirs);2;;
144;survey_eq5d_cat_1_q_4;DOULEURS / GÊNE;2;;
145;survey_eq5d_cat_1_q_5;ANXIÉTÉ / DÉPRESSION;2;;
146;survey_eq5d_cat_2_q_1;"Nous aimerions savoir dans quelle mesure votre santé est
bonne ou mauvaise AUJOURD’HUI.
Cette échelle est numérotée de 0 à 100.
100 correspond à la meilleure santé que vous puissiez imaginer.
0 correspond à la pire santé que vous puissiez imaginer.";2;;
147;survey_mos_cat_1_q_1;Au cours de cette dernière semaine, combien de temps avez-vous mis en général pour vous endormir ? ;2;;
148;survey_mos_cat_1_q_2;Au cours de cette dernière semaine, combien d'heures en moyenne avez-vous dormi chaque nuit ? Appuyez sur le triangle bleu ci-dessous pour sélectionner le nombre d'heures par nuit. ;2;;
149;survey_mos_cat_2_q_1;"Au cours de cette dernière semaine, avec quelle fréquence...
avez-vous eu l'impression de ne pas avoir un sommeil paisible (être agité(e), être tendu(e), parler, etc. pendant le sommeil) ? ";2;;
150;survey_mos_cat_2_q_2;"Au cours de cette dernière semaine, avec quelle fréquence...
avez-vous dormi suffisamment pour vous sentir reposé(e) au réveil, le matin ? ";2;;
151;survey_mos_cat_2_q_3;"Au cours de cette dernière semaine, avec quelle fréquence...
vous êtes-vous réveillé(e) essoufflé(e) ou avec des maux de tête ? ";2;;
152;survey_mos_cat_2_q_4;"Au cours de cette dernière semaine, avec quelle fréquence...
vous êtes-vous senti(e) somnolent(e) ou avez-vous eu envie de dormir au cours de la journée ? ";2;;
153;survey_mos_cat_2_q_5;"Au cours de cette dernière semaine, avec quelle fréquence...
avez-vous eu du mal à vous endormir ? ";2;;
154;survey_mos_cat_2_q_6;"Au cours de cette dernière semaine, avec quelle fréquence...
vous êtes-vous réveillé(e) durant votre sommeil et avez-vous eu du mal à vous rendormir ? ";2;;
155;survey_mos_cat_2_q_7;"Au cours de cette dernière semaine, avec quelle fréquence...
avez-vous eu du mal à rester éveillé(e) pendant la journée ? ";2;;
156;survey_mos_cat_2_q_8;"Au cours de cette dernière semaine, avec quelle fréquence...
avez-vous ronflé pendant votre sommeil ? ";2;;
157;survey_mos_cat_2_q_9;"Au cours de cette dernière semaine, avec quelle fréquence...
avez-vous fait des petits sommes (de 5 minutes ou plus) pendant la journée ?";2;;
158;survey_mos_cat_2_q_10;"Au cours de cette dernière semaine, avec quelle fréquence...
avez-vous dormi autant que vous en aviez besoin ? ";2;;
159;survey_mos_cat_2_q_11;dormi le nombre d'heures nécessaires ?;2;;
160;burning;Brûlure;2;;
161;painful_cold;Sensation de froid douloureux;2;;
162;electric_shocks;Décharges électriques;2;;
163;tingling;Fourmillements;2;;
164;pins_and_needles;Picotements;2;;
165;numbness;Engourdissements;2;;
166;itching;Démangeaisons;2;;
167;hypoesthesia_to_touch;Hypoesthésie au toucher;2;;
168;hypoesthesia_to_pinprick;Hypoesthésie à la piqûre;2;;
169;brushing;Le frottement;2;;
170;permanently;En permanence;2;;
171;between_8_and_12;Entre 8 et 12 heures;2;;
172;between_4_and_7;Entre 4 et 7 heures;2;;
173;between_1_and_3;Entre 1 et 3 heures;2;;
174;less_than_1_h;Moins d’1 heure;2;;
175;More than 20;Plus de 20;2;;
176;between_11_and_20;Entre 11 et 20;2;;
177;between_6_and_10;Entre 6 et 10;2;;
178;between_1_and_5;Entre 1 et 5;2;;
179;no_pain_attack;Pas de crise douloureuse ;2;;
180;very_much_improved;Extrêmement améliorée;2;;
181;much_improved;Beaucoup améliorée;2;;
182;minimally_improved;Peu améliorée;2;;
183;no_change;Pas de changement;2;;
184;minimally_worsened;Peu aggravée;2;;
185;much_worsened;Beaucoup aggravée;2;;
186;very_much_worsened;Extrêmement aggravée;2;;
187;i_have_no_problems_in_walking_about;Je n’ai aucun problème pour me déplacer à pied;2;;
188;i_have_some_problems_in_walking_about;J’ai des problèmes légers pour me déplacer à pied;2;;
189;i_am_confined_to_bed;J’ai des problèmes modérés pour me déplacer à pied;2;;
190;i_have_no_problems_with_self-care;Je n’ai aucun problème pour me laver ou m’habiller tout(e) seul(e);2;;
191;i_have_some_problems_washing_or_dressing_myself;J’ai des problèmes légers pour me laver ou m’habiller tout(e) seul(e);2;;
192;i_am_unable_to_wash_or_dress_myself;J’ai des problèmes modérés pour me laver ou m’habiller tout(e) seul(e);2;;
193;i_have_no_problems;Je n’ai aucun problème pour accomplir mes activités courantes;2;;
194;i_have_some_problems;J’ai des problèmes légers pour accomplir mes activités courantes;2;;
195;i_am_unable_to_perform_my_usual_activities;J’ai des problèmes modérés pour accomplir mes activités courantes;2;;
196;i_have_no_pain_or_discomfort;Je n’ai ni douleur ni gêne;2;;
197;i_have_moderate_pain_or_discomfort;J’ai des douleurs ou une gêne légère(s);2;;
198;i_have_extreme_pain_or_discomfort;J’ai des douleurs ou une gêne modérée(s);2;;
199;i_am_not_anxious_or_depressed;Je ne suis ni anxieux(se) ni déprimé(e);2;;
200;i_am_moderately_anxious_or_depressed;Je suis légèrement anxieux(se) ou déprimé(e);2;;
201;i_am_extremely_anxious_or_depressed;Je suis modérément anxieux(se) ou déprimé(e);2;;
202;0-15_minutes;0-15 minutes;2;;
203;16-30_minutes;16-30 minutes;2;;
204;31-45_minutes;31-45 minutes;2;;
205;46-60_minutes;46-60 minutes;2;;
206;more_than_60_minutes;Plus de 60 minutes;2;;
207;all_of_the_time;En permanence ;2;;
208;most_of_the_time;Très souvent ;2;;
209;a_good_bit_of_the_time;Quelquefois ;2;;
210;some_of_the_time;Rarement;2;;
211;a_little_of_the_time;Jamais;2;;
212;none_of_the_time;Jamais;2;;
213;no_pain;Aucune douleur ;2;;
214;worst_pain_imaginable;Douleur maximale imaginable ;2;;
215;pain_as_intense;Une douleur aussi intense que vous pouviez l'imaginer;2;;
216;no_burning;Aucune brulûre ;2;;
217;pnp_1;PHN:  Post Herpetic Neuralgia;1;;
218;pnp_2;pDPN: painful Diabetic Peripheral Neuropathy;1;;
219;pnp_3;HIV-PN:  HIV associated painful Peripheral Neuropathy;1;;
220;pnp_4;PSNP: Post-Surgical Neuropathic Pain;1;;
221;pnp_5;PTNP : Post-Traumatic Neuropathic Pain;1;;
222;pnp_6;CIPN: Chemotherapy-Induced Peripheral Neuropathy;1;;
223;other;Other;1;;
224;pain_area_left_anterior_neck;left anterior neck;1;;
225;pain_area_central_anterior_neck;central anterior neck;1;;
226;pain_area_right_anterior_neck;right anterior neck;1;;
227;pain_area_central_posterior_neck;central posterior neck;1;;
228;pain_area_left_upper_chest;left upper chest;1;;
229;pain_area_right_upper_chest;right upper chest;1;;
230;pain_area_left_trapezius;left trapezius;1;;
231;pain_area_right_trapezius;right trapezius;1;;
232;pain_area_left_scapula;left scapula;1;;
233;pain_area_right_scapula;right scapula;1;;
234;pain_area_right_lower_chest;right lower chest;1;;
235;pain_area_left_lower_chest;left lower chest;1;;
236;pain_area_left_flank;left side;1;;
237;pain_area_right_flank;right side;1;;
238;pain_area_right_lower_quadrant;right lower quadrant;1;;
239;pain_area_left_lower_quadrant;left lower quadrant;1;;
240;pain_area_left_lower_lumbar;left lower lumbar;1;;
241;pain_area_right_lower_lumbar;right lower lumbar;1;;
242;pain_area_left_posterior;left posterior;1;;
243;pain_area_right_posterior;right posterior;1;;
244;pain_area_left_anterior_shoulder;left anterior shoulder;1;;
245;pain_area_left_upper_arm;left upper arm;1;;
246;pain_area_left_forearm;left forearm;1;;
247;pain_area_right_anterior_shoulder;right anterior shoulder;1;;
248;pain_area_right_upper_arm;right upper arm;1;;
249;pain_area_right_forearm;right forearm;1;;
250;pain_area_left_posterior_shoulder;left posterior shoulder;1;;
251;pain_area_left_posterior_upper_arm;left posterior upper arm;1;;
252;pain_area_left_posterior_elbow;left posterior elbow;1;;
253;pain_area_left_posterior_forearm;left posterior forearm;1;;
254;pain_area_right_posterior_shoulder;right posterior shoulder;1;;
255;pain_area_right_posterior_upper_arm;right posterior upper arm;1;;
256;pain_area_right_posterior_elbow;right posterior elbow;1;;
257;pain_area_right_posterior_forearm;right posterior forearm;1;;
258;pain_area_left_superior_wrist;left superior wrist;1;;
259;pain_area_left_dorsal_mid_hand;left dorsal mid hand;1;;
260;pain_area_left_dorsal_fingers;left dorsal fingers;1;;
261;pain_area_right_superior_wrist;right superior wrist;1;;
262;pain_area_right_dorsal_mid-hand;right dorsal mid-hand;1;;
263;pain_area_right_dorsal_fingers;right dorsal fingers;1;;
264;pain_area_left_inferior_wrist;left inferior wrist;1;;
265;pain_area_left_palmar_mid-hand;left palmar mid-hand;1;;
266;pain_area_left_palmar_fingers;left palmar fingers;1;;
267;pain_area_right_inferior_wrist;right inferior wrist;1;;
268;pain_area_right_palmar_mid-hand;right palmar mid-hand;1;;
269;pain_area_right_palmar_fingers;right palmar fingers;1;;
270;pain_area_left_anterior_lateral_upper_leg;left anterior lateral upper leg;1;;
271;pain_area_left_anterior_medial_upper_leg;left anterior medial upper leg;1;;
272;pain_area_left_anterior_knee;left anterior knee;1;;
273;pain_area_left_anterior_lower_leg;left anterior lower leg;1;;
274;pain_area_right_anterior_lateral_upper_leg;right anterior lateral upper leg;1;;
275;pain_area_right_anterior_medial_upper_leg;right anterior medial upper leg;1;;
276;pain_area_right_anterior_knee;right anterior knee;1;;
277;pain_area_right_anterior_lower_leg;right anterior lower leg;1;;
278;pain_area_left_posterior_lateral_upper_leg;left posterior lateral upper leg;1;;
279;pain_area_left_posterior_medial_upper_leg;left posterior medial upper leg;1;;
280;pain_area_left_posterior_lower_leg;left posterior lower leg;1;;
281;pain_area_right_posterior_lateral_upper_leg;right posterior lateral upper leg;1;;
282;pain_area_right_posterior_medial_upper_leg;right posterior medial upper leg;1;;
283;pain_area_right_posterior_lower_leg;right posterior lower leg;1;;
284;pain_area_left_anterior_ankle;left anterior ankle;1;;
285;pain_area_left_anterior_mid-foot;left anterior mid-foot;1;;
286;pain_area_left_superior_toes;left superior toes;1;;
287;pain_area_right_anterior_ankle;right anterior ankle;1;;
288;pain_area_right_anterior_mid-foot;right anterior mid-foot;1;;
289;pain_area_right_superior_toes;right superior toes;1;;
290;pain_area_left_posterior_ankle;left posterior ankle;1;;
291;pain_area_left_plantar_heel_;left plantar heel ;1;;
292;pain_area_left_plantar_mid-foot;left plantar mid-foot;1;;
293;pain_area_right_posterior_ankle;right posterior ankle;1;;
294;pain_area_right_plantar_heel_;right plantar heel ;1;;
295;pain_area_right_plantar_mid-foot;right plantar mid-foot;1;;
296;pain_area_upper_thoracic;upper thoracic;1;;
297;pain_area_mid_thoracic;mid thoracic;1;;
298;pain_area_lower_thoracic;lower thoracic;1;;
299;pain_area_lumbar;lumbar;1;;
300;medication_1;Antiepileptics;1;;
301;medication_2;Antidepressants;1;;
302;medication_3;Topical treatment;1;;
303;medication_4;Opioids;1;;
304;medication_no_treatment;No concomitant neuropathic pain medication;1;;
305;neck;Neck;1;;
306;chest_left;Chest left;1;;
307;chest_right;Chest right;1;;
308;back_and_flank_left;Back and left side;1;;
309;back_and_flank_right;Back and right side;1;;
310;hand_and_forearm_right;Hand and Forearm right;1;;
311;arm_left;Arm left;1;;
312;arm_right;Arm right;1;;
313;hand_and_Forearm_left;Hand and Forearm left;1;;
314;leg_left;Leg left;1;;
315;leg_right;Leg right;1;;
316;foot_left;Foot left;1;;
317;foot_right;Foot right;1;;
318;spine;Spine;1;;
319;neck_type;NECK;1;;
320;chest_type;CHEST;1;;
321;back_and_flank_type;BACK AND SIDE;1;;
322;arm_and_hand_type;ARM AND HAND;1;;
323;leg_and_foot_type;LEG AND FOOT;1;;
324;spine_type;SPINE;1;;
325;survey_dn4;DN4 questionnaire;1;;
326;survey_nrs;NRS Questionnaire (numerical evaluation scale);1;;
327;survey_npsi;NPSI;1;;
328;survey_pgic;PGIC;1;;
329;survey_eq5d;EQ-5D-5L;1;;
330;survey_mos;MOS;1;;
331;survey_npsi_cat_1_desc;"We wish to know if you feel spontaneous pain, that is pain without any stimulation. For each of the following questions, please select the number that best describes your average spontaneous pain severity during the past 24 hours. 

Circle the number 0 if you have not felt such pain (select one number only).";1;;
332;survey_npsi_cat_2_desc;"We would like to know if you have had any brief searing pain. For each of the following questions, please select the number that best corresponds to the average intensity of your searing pain over the past 24 hours.

Select the number 0 if you have not experienced this type of pain (circle just one number).";1;;
333;survey_npsi_cat_3_desc;We would like to know if you experience any brief painful episodes. For each of the following questions, circle the number that best corresponds to the intensity of your painful episodes on average over the past 24 hours. Circle the number 0 if you have not experienced this type of pain. (Please circle only one number);1;;
334;survey_npsi_cat_4_desc;We would like to know if you have any abnormal sensations in the area of pain. For each of the following questions, circle the number that best corresponds to the intensity of your abnormal sensations on average over the past 24 hours. Circle the number 0 if you have not experienced this type of sensation. (Please circle just one number);1;;
335;survey_eq5d_cat_1_desc;"For each section, please check ONE box, the one that best describes your health
TODAY.";1;;
336;survey_eq5d_cat_2_desc;Please indicate how your health is TODAY;1;;
337;survey_mos_cat_1_desc;For each of the following questions, please select the one response that best describes your answer. ;1;;
338;survey_mos_cat_2_desc;For each of the following questions, please select the one response that best describes your answer. ;1;;
339;survey_dn4_cat_1_q_1;Does the pain have one or more of the following characteristics?;1;;
340;survey_dn4_cat_1_q_2;Is the pain in the same area associated with one or more of the following symptoms:;1;;
341;survey_dn4_cat_2_q_1;Is the pain located in an area where the examination highlights:;1;;
342;survey_dn4_cat_2_q_2;Is the pain caused or heightened by:;1;;
343;survey_nrs_cat_1_q_1;Please select the number that best represents the <b>current intensity of your pain</b> on a scale of 0 to 10 where 0 = no pain and 10 = the worst pain imaginable.;1;;
344;survey_npsi_cat_1_q_1;Q1 - Does your pain feel like burning?;1;;
345;survey_npsi_cat_1_q_2;Q2 - Does your pain feel like squeezing?;1;;
346;survey_npsi_cat_1_q_3;Q3 - Does your pain feel like pressure?;1;;
347;survey_npsi_cat_1_q_4;Q4 - During the past 24 hours, your spontaneous pain has been present: Select the response that best describes your case;1;;
348;survey_npsi_cat_2_q_1;Q5 - Does your pain feel like electric shocks?;1;;
349;survey_npsi_cat_2_q_2;Q6 - Does your pain feel like stabbing?;1;;
350;survey_npsi_cat_2_q_3;Q7 - During the past 24 hours, how many of these pain attacks have you had: Select the response that best describes your case;1;;
351;survey_npsi_cat_3_q_1;Q8 -Is your pain provoked or increased by brushing on the painful area?;1;;
352;survey_npsi_cat_3_q_2;Q9 -Is your pain provoked or increased by pressure on the painful area?;1;;
353;survey_npsi_cat_4_q_1;Q10 -Is your pain provoked or increased by contact with something cold on the painful area?;1;;
354;survey_npsi_cat_4_q_2;Q11 -Do you feel pins and needles?;1;;
355;survey_npsi_cat_4_q_3;Q12 - Do you feel tingling?;1;;
356;survey_pgic_cat_1_q_1;Overall impression of change in the patient;1;;
357;survey_eq5d_cat_1_q_1;MOBILITY;1;;
358;survey_eq5d_cat_1_q_2;PERSONAL INDEPENDENCE;1;;
359;survey_eq5d_cat_1_q_3;ROUTINE ACTIVITIES (e.g. work, study, household chores, family or leisure activities);1;;
360;survey_eq5d_cat_1_q_4;PAIN / DISCOMFORT;1;;
361;survey_eq5d_cat_1_q_5;ANXIETY / DEPRESSION;1;;
362;survey_eq5d_cat_2_q_1;"We would like to know to what extent your health is
good or bad TODAY.
This scale is numbered from 0 to 100.
The figure of 100 is the best health you can imagine.
0 is the worst health you can imagine.";1;;
363;survey_mos_cat_1_q_1;During the past week, how long did it usually take for you to fall asleep? ;1;;
364;survey_mos_cat_1_q_2;During the past week, how many hours, on average, did you sleep each night? Select the number of hours per night. ;1;;
365;survey_mos_cat_2_q_1;"How often during the past week did you...
feel that your sleep was not quiet (moving restlessy, feeling tense, speaking, etc)? ";1;;
366;survey_mos_cat_2_q_2;"How often during the past week did you...
get enough sleep to feel rested upon waking in the morning? ";1;;
367;survey_mos_cat_2_q_3;"How often during the past week did you...
awake short of breath or with headaches? ";1;;
368;survey_mos_cat_2_q_4;"How often during the past week did you...
feel drowsy or sleepy during the day? ";1;;
369;survey_mos_cat_2_q_5;"How often during the past week did you...
have trouble falling asleep? ";1;;
370;survey_mos_cat_2_q_6;"How often during the past week did you...
wake up from your sleep and had trouble falling asleep again? ";1;;
371;survey_mos_cat_2_q_7;"How often during the past week did you...
have trouble staying awake during the day? ";1;;
372;survey_mos_cat_2_q_8;"How often during the past week did you...
snore during your sleep? ";1;;
373;survey_mos_cat_2_q_9;"How often during the past week did you...
take naps (5 minutes or longer) during the day?";1;;
374;survey_mos_cat_2_q_10;"How often during the past week did you...
get the amount of sleep you needed? ";1;;
375;survey_mos_cat_2_q_11;get the amount of sleep you needed?;1;;
376;burning;Burning;1;;
377;painful_cold;Painful feeling of cold;1;;
378;electric_shocks;Electric shocks;1;;
379;tingling;Pins and needles;1;;
380;pins_and_needles;Tingling;1;;
381;numbness;Numbness;1;;
382;itching;Itchiness;1;;
383;hypoesthesia_to_touch;Hypoesthesia to touch;1;;
384;hypoesthesia_to_pinprick;Hypoesthesia to prick;1;;
385;brushing;Rubbing;1;;
386;permanently;Permanently;1;;
387;between_8_and_12;Between 8 and 12 hours;1;;
388;between_4_and_7;Between 4 and 7 hours;1;;
389;between_1_and_3;Between 1 and 3 hours;1;;
390;less_than_1_h;Less than 1 hour;1;;
391;More than 20;More than 20;1;;
392;between_11_and_20;Between 11 and 20;1;;
393;between_6_and_10;Between 6 and 10;1;;
394;between_1_and_5;Between 1 and 5;1;;
395;no_pain_attack;No pain attacks ;1;;
396;very_much_improved;Extreme improvement;1;;
397;much_improved;Great improvement;1;;
398;minimally_improved;Slight improvement;1;;
399;no_change;No change;1;;
400;minimally_worsened;Slight deterioration;1;;
401;much_worsened;Great deterioration;1;;
402;very_much_worsened;Extreme deterioration;1;;
403;i_have_no_problems_in_walking_about;I have no problem walking about;1;;
404;i_have_some_problems_in_walking_about;I have slight problems problems walking about;1;;
405;i_am_confined_to_bed;I have moderate problems problems walking about;1;;
406;i_have_no_problems_with_self-care;I have no problem washing or dressing myself;1;;
407;i_have_some_problems_washing_or_dressing_myself;I have slight problems washing or dressing myself;1;;
408;i_am_unable_to_wash_or_dress_myself;I have moderate problems washing or dressing myself;1;;
409;i_have_no_problems;I have no problems doing my usual activities;1;;
410;i_have_some_problems;I have slight problems completing my usual activities;1;;
411;i_am_unable_to_perform_my_usual_activities;I have moderate problems doing my usual activities;1;;
412;i_have_no_pain_or_discomfort;I have no pain or discomfort;1;;
413;i_have_moderate_pain_or_discomfort;I have slight pain or discomfort;1;;
414;i_have_extreme_pain_or_discomfort;I have moderate pain or discomfort;1;;
415;i_am_not_anxious_or_depressed;I am not anxious or depressed;1;;
416;i_am_moderately_anxious_or_depressed;I am slightly anxious or depressed;1;;
417;i_am_extremely_anxious_or_depressed;0-15 minutes;1;;
418;0-15_minutes;16-30 minutes;1;;
419;16-30_minutes;31-45 minutes;1;;
420;31-45_minutes;46-60 minutes;1;;
421;46-60_minutes;More than 60 minutes;1;;
422;more_than_60_minutes;Permanently ;1;;
423;all_of_the_time;All of the time;1;;
424;most_of_the_time;Most of the time;1;;
425;a_good_bit_of_the_time;Some of the time;1;;
426;some_of_the_time;A little of the time;1;;
427;a_little_of_the_time;None of the time ;1;;
428;none_of_the_time;Never;1;;
429;no_pain;No pain ;1;;
430;worst_pain_imaginable;Maximum pain imaginable ;1;;
431;pain_as_intense;Worst pain imaginable;1;;
432;no_burning;No burning ;1;;